Category,Template,Search Phrase
General/First-person,got caught posting,I got caught posting
General/First-person,caught me posting,Caught me posting
General/First-person,saw my [obj],Saw my Reddit
General/First-person,saw my [obj],Saw my account
General/First-person,saw my [obj],Saw my post
General/First-person,saw my [obj],Saw my comment
General/First-person,saw my [obj],Saw my comments
General/First-person,exposed my [obj],Exposed my account
General/First-person,exposed my [obj],Exposed my Reddit
General/First-person,knows about [obj],Knows about my reddit
General/First-person,knows about [obj],Knows about my post
General/First-person,knows about [obj],Knows about my account
General/First-person,knows my [obj],Knows my username
General/First-person,knows my [obj],Knows my account
General/First-person,knows my [obj],Knows my reddit
General/First-person,lurks [where],Lurks on reddit
General/First-person,lurks [where],Lurks here
General/First-person,is a lurker,Is a lurker
General/First-person,found the [obj],Found the thread
General/First-person,found the [obj],Found the post
General/First-person,found the [obj],Found the comment
General/First-person,found the [obj],Found the comments
General/First-person,sent this [obj],Sent this thread
General/First-person,sent this [obj],Sent this post
General/First-person,came across [obj],Came across the post
General/First-person,came across [obj],Came across my post
General/First-person,came across [obj],Came across this post
General/First-person,came across [obj],Came across my reddit
General/First-person,came across [obj],Came across my account
General/First-person,came across [obj],Came across my comment
General/First-person,stumbled across [obj],Stumbled across the post
General/First-person,stumbled across [obj],Stumbled across my post
General/First-person,stumbled across [obj],Stumbled across this post
General/First-person,stumbled across [obj],Stumbled across my reddit
General/First-person,stumbled across [obj],Stumbled across my account
General/First-person,stumbled across [obj],Stumbled across my comment
General/First-person,stumbled [obj],Stumbled on the thread
General/First-person,stumbled [obj],Stumbled on this thread
General/First-person,stumbled [obj],Stumbled on this post
General/First-person,stumbled [obj],Stumbled on the post
General/First-person,stumbled [obj],Stumbled on my post
General/First-person,found my [obj],Found my page
General/First-person,found my [obj],Found my profile
General/First-person,found my [obj],Found my Reddit
General/First-person,found my [obj],Found my comment
General/First-person,found my [obj],Found my comments
General/First-person,found out [obj],Found out I posted this
General/First-person,found out [obj],Found out I made this post
General/First-person,found out [obj],Found out about my reddit
General/First-person,found out [obj],Found out about my post
General/First-person,found out [obj],Found out about my account
General/First-person,traced my [obj] to me,Traced my account
General/First-person,traced my [obj] to me,Traced my post
General/First-person,traced my [obj] to me,Traced my reddit
General/First-person,traced my [obj] to me,Traced my comment
General/First-person,got doxxed (suggested),I got doxxed
General/First-person,got outed (suggested),I got outed
General/First-person,got recognized (suggested),I got recognized from my post
General/First-person,got identified (suggested),I got identified from my post
General/First-person,got tracked down (suggested),I got tracked down because of this post
General/First-person,this got traced back (suggested),This got traced back to me
General/First-person,cover got blown (suggested),My cover got blown
General/First-person,got called out (suggested),I got called out for this post
General/First-person,in trouble because of this post (suggested),This post got me in trouble
General/First-person,forgot this was searchable (suggested),I forgot this was searchable
General/First-person,never thought anyone would see this (suggested),I never thought anyone would see this
General/First-person,deleted my post because (suggested),I deleted my post because someone saw it
General/First-person,panic deleted (suggested),I panic deleted my post
General/First-person,regret posting this (suggested),I regret posting this because it got back to people
